{"cameraMode":{"drawMode":0,"name":"Shaded","section":"Shading Mode"},"sceneLighting":true,"audioPlay":false,"sceneViewState":{"m_AlwaysRefresh":false,"showFog":true,"showSkybox":true,"showFlares":true,"showImageEffects":true,"showParticleSystems":true,"showVisualEffectGraphs":true,"m_FxEnabled":true},"in2DMode":false,"pivot":{"x":0.20966672897338868,"y":1.810089111328125,"z":-0.05313301086425781},"rotation":{"x":-0.07939452677965164,"y":0.8935592174530029,"z":-0.40582069754600527,"w":-0.17481502890586854},"size":15.401328086853028,"orthographic":false}