{"count":1,"self":5728.0176127999994,"total":20683.962809999997,"children":{"InitializeActuators":{"count":11,"self":0.0010004999999999999,"total":0.0010004999999999999,"children":null},"InitializeSensors":{"count":11,"self":0.0050046,"total":0.0050046,"children":null},"AgentSendState":{"count":3641401,"self":255.673984,"total":488.84310139999997,"children":{"CollectObservations":{"count":8011091,"self":12.1088232,"total":12.1088229,"children":null},"WriteActionMask":{"count":8011091,"self":5.3630759999999995,"total":5.3630762,"children":null},"RequestDecision":{"count":8011091,"self":20.752782399999997,"total":215.6972127,"children":{"AgentInfo.ToProto":{"count":8011091,"self":19.541025599999998,"total":194.9444301,"children":{"GenerateSensorData":{"count":8011091,"self":153.7745536,"total":175.403405,"children":{"RayPerceptionSensor.Perceive":{"count":8011091,"self":21.6288464,"total":21.6288469,"children":null}}}}}}}}},"DecideAction":{"count":3641401,"self":14338.511667199999,"total":14338.5112598,"children":null},"AgentAct":{"count":3641401,"self":128.57588479999998,"total":128.5838951,"children":{"AgentInfo.ToProto":{"count":396,"self":0.0010008999999999999,"total":0.0080162,"children":{"GenerateSensorData":{"count":396,"self":0.0070152999999999995,"total":0.0070152999999999995,"children":{"RayPerceptionSensor.Perceive":{"count":396,"self":0,"total":0,"children":null}}}}}}}},"gauges":{"My Behavior.CumulativeReward":{"count":324,"max":29.6930084,"min":-366.8606,"runningAverage":-267.878,"value":-215.9604,"weightedAverage":-257.5437},"Visitor.CumulativeReward":{"count":72,"max":109.7654,"min":-145.5672,"runningAverage":-19.6455479,"value":91.79743,"weightedAverage":3.11418915}},"metadata":{"timer_format_version":"0.1.0","start_time_seconds":"1633893443","unity_version":"2021.1.22f1","command_line_arguments":"C:\\Program Files\\Unity\\Hub\\Editor\\2021.1.22f1\\Editor\\Unity.exe -projectpath D:\/Unity\/Bachelor_Arbeit -useHub -hubIPC -cloudEnvironment production -hubSessionId 84c1cd90-290d-11ec-a857-1d63485fe6c1","communication_protocol_version":"1.5.0","com.unity.ml-agents_version":"2.1.0-exp.1","scene_name":"SampleScene","end_time_seconds":"1633914127"}}