{"count":1,"self":2618.510336,"total":16825.7507268,"children":{"InitializeActuators":{"count":12,"self":0.0020019,"total":0.0020019,"children":null},"InitializeSensors":{"count":12,"self":0.0030028999999999998,"total":0.0030028999999999998,"children":null},"AgentSendState":{"count":2527683,"self":333.1286784,"total":519.95749849999993,"children":{"CollectObservations":{"count":6066444,"self":10.6453256,"total":10.6453259,"children":null},"WriteActionMask":{"count":6066444,"self":4.0753043999999994,"total":4.0753043,"children":null},"RequestDecision":{"count":6066444,"self":15.2428864,"total":172.1081816,"children":{"AgentInfo.ToProto":{"count":6066444,"self":15.4402464,"total":156.865296,"children":{"GenerateSensorData":{"count":6066444,"self":121.48165119999999,"total":141.42505,"children":{"RayPerceptionSensor.Perceive":{"count":6066444,"self":19.9433984,"total":19.9433981,"children":null}}}}}}}}},"DecideAction":{"count":2527683,"self":13644.406783999999,"total":13644.406654299999,"children":null},"AgentAct":{"count":2527683,"self":42.8471104,"total":42.8701325,"children":{"AgentInfo.ToProto":{"count":756,"self":0.006006,"total":0.023021999999999997,"children":{"GenerateSensorData":{"count":756,"self":0.017016,"total":0.017016,"children":{"RayPerceptionSensor.Perceive":{"count":756,"self":0,"total":0,"children":null}}}}}}}},"gauges":{"Visitor.CumulativeReward":{"count":756,"max":76.3611755,"min":-286603.219,"runningAverage":-17429.877,"value":-90431.31,"weightedAverage":-23507.4941}},"metadata":{"timer_format_version":"0.1.0","start_time_seconds":"1630589962","unity_version":"2020.3.1f1","command_line_arguments":"C:\\Program Files\\Unity\\Hub\\Editor\\2020.3.1f1\\Editor\\Unity.exe -projectpath D:\/Unity\/Bachelor_Arbeit -useHub -hubIPC -cloudEnvironment production -hubSessionId c78391d0-071c-11ec-b9cd-bb673c843a0c","communication_protocol_version":"1.5.0","com.unity.ml-agents_version":"2.1.0-exp.1","scene_name":"Simple_Training","end_time_seconds":"1630606788"}}